6,2006,v8.3
7,2006,v8.3
8,2006,v8.3
9,2006,v8.3
10,2006,v8.3
11,2006,v8.3
12,2006,v8.3
1,2007,v8.3
2,2007,v8.3
3,2007,v8.3
4,2007,v8.3
5,2007,v8.3
6,2007,v8.3
7,2007,v8.3
8,2007,v8.3
9,2007,v8.3
10,2007,v8.3
11,2007,v8.3
12,2007,v8.3
1,2008,v8.3
2,2008,v8.3
3,2008,v8.3
4,2008,v8.3
5,2008,v8.3
6,2008,v8.3
7,2008,v8.3
8,2008,v8.3
9,2008,v8.3
10,2008,v8.3
11,2008,v8.3
12,2008,v8.3
1,2009,v8.3
2,2009,v8.3
3,2009,v8.3
4,2009,v8.3
5,2009,v8.3
6,2009,v8.3
7,2009,v8.3
8,2009,v8.3
9,2009,v8.3
10,2009,v8.3
11,2009,v8.3
12,2009,v8.3-LOWDATA
1,2010,v8.3
2,2010,v8.3
3,2010,v8.3
4,2010,v8.3
5,2010,v8.3
6,2010,v8.3
7,2010,v8.3
8,2010,v8.3
9,2010,v8.3
10,2010,v8.3
11,2010,v8.3
12,2010,v8.3
2,2011,v8.3
3,2011,v8.3
4,2011,v8.3
5,2012,v8.3-LOWDATA
6,2012,v8.3
7,2012,v8.3
8,2012,v8.3
9,2012,v8.3
10,2012,v8.3
11,2012,v8.3
12,2012,v8.3
1,2013,v8.3
2,2013,v8.3
3,2013,v8.3
4,2013,v8.3
5,2013,v8.3
6,2013,v8.3
7,2013,v8.3
8,2013,v8.3
9,2013,v8.3
10,2013,v8.3
11,2013,v8.3
12,2013,v8.3
1,2014,v8.3
2,2014,v8.3
3,2014,v8.3
4,2014,v8.3
5,2014,v8.3
6,2014,v8.3
7,2014,v8.3
8,2014,v8.3
9,2014,v8.3
10,2014,v8.3
11,2014,v8.3
12,2014,v8.3
1,2015,v8.3
2,2015,v8.3
3,2015,v8.3
4,2015,v8.3
5,2015,v8.3
6,2015,v8.3
7,2015,v8.3
8,2015,v8.3
9,2015,v8.3
10,2015,v8.3
11,2015,v8.3
12,2015,v8.3
1,2016,v8.3
3,2016,v8.3
4,2016,v8.3
5,2016,v8.3
6,2016,v8.3
7,2016,v8.3
8,2016,v8.3
9,2016,v8.3
10,2016,v8.3
11,2016,v8.3
12,2016,v8.3
1,2017,v8.3
2,2017,v8.3
3,2017,v8.3
4,2017,v8.3
5,2017,v8.3
6,2017,v8.3-LOWDATA
8,2017,v8.3
9,2017,v8.3-LOWDATA
10,2017,v8.3
11,2017,v8.3
12,2017,v8.3-LOWDATA
10,2018,v8.3
11,2018,v8.3
12,2018,v8.3
1,2019,v8.3
2,2019,v8.3
3,2019,v8.3
4,2019,v8.3-LOWDATA
5,2019,v8.3
6,2019,v8.3
7,2019,v8.3
8,2019,v8.3
9,2019,v8.3
10,2019,v8.3
11,2019,v8.3
12,2019,v8.3
1,2020,v8.3
2,2020,v8.3
3,2020,v8.3
4,2020,v8.3
5,2020,v8.3
6,2020,v8.3
7,2020,v8.3
8,2020,v8.3
